Dose,Force
0,3.431720356
1,2.940928422
3,2.564484244
10,2.1158074
30,0.827338756
100,0.2868166
300,0.062638089